{
    "1": { "id": 1, "emoji": "<:Basic:1277073682426232946>", "name": "Basic", "price": 3, "diemsan": 1 },
    "2": { "id": 2, "emoji": "<:Common:1277073680324755497>", "name": "Common", "price": 5, "diemsan": 3 },
    "3": { "id": 3, "emoji": "<:Uncommon:1277073667540521051>", "name": "Uncommon", "price": 8, "diemsan": 5 },
    "4": { "id": 4, "emoji": "<:Rare:1277073676331651165>", "name": "Rare", "price": 15, "diemsan": 12 },
    "5": { "id": 5, "emoji": "<:Epic:1277073674217848882>", "name": "Epic", "price": 25, "diemsan": 30 },
    "6": { "id": 6, "emoji": "<:Legendary:1277073672078626887>", "name": "Legendary", "price": 40, "diemsan": 60 },
    "7": { "id": 7, "emoji": "<:Mythical:1277073670128275578>", "name": "Mythical", "price": 80, "diemsan": 120 },
    "8": { "id": 8, "emoji": "<:Divine:1277073665418072157>", "name": "Divine", "price": 150, "diemsan": 300 },
    "9": { "id": 9, "emoji": "<:Ultimate:1277073678261289033> ", "name": "Ultimate", "price": 500, "diemsan": 800 },
    "10": { "id": 10, "emoji": "<:Godlike:1277073662893101067>", "name": "Godlike", "price": 8000, "diemsan": 1500 }
}