[
  { "name": "Vợ là nhất", "emoji": "<a:1576pinkcrown:1261961300615888947>", "price": 200000, "intimacy": 400 },
  { "name": "Gấu bông", "emoji": "<a:1498buninlove:1261961338033537104>", "price": 100000, "intimacy": 200 },
  { "name": "Gấu bông 2", "emoji": "<a:1492korilakkumahug:1261961307033305203>", "price": 100000, "intimacy": 200 },
  { "name": "Yêu yêu", "emoji": "<a:1353bunadore:1261961344132059196>", "price": 120000, "intimacy": 240 },
  { "name": "Sữa hồng", "emoji": "<:1362mikypink:1261960947799429211>", "price": 80000, "intimacy": 160 },
  { "name": "Bánh dâu tây", "emoji": "<:2095strawberrycake2:1261960930837663764>", "price": 85000, "intimacy": 170 },
  { "name": "Ngọn lửa tình yêu", "emoji": "<a:2006pinkflame:1261960949951365212>", "price": 120000, "intimacy": 240 },
  { "name": "Thú cưng 1", "emoji": "<:3007axolotl:1261960967235960924>", "price": 500000, "intimacy": 1000 },
  { "name": "Nụ hôn", "emoji": "<:3470pinkkiss:1261961279384457309>", "price": 150000, "intimacy": 300 },
  { "name": "Gấu bông 3", "emoji": "<a:3319carebearpink:1261961562520813628>", "price": 130000, "intimacy": 260 },
  { "name": "Hoa hồng", "emoji": "<a:3549pinkroses:1261961339971047504>", "price": 60000, "intimacy": 120 },
  { "name": "Nơ cuti", "emoji": "<a:4524kawaiibow:1261961293817053205>", "price": 80000, "intimacy": 160 },
  { "name": "Sữa hồng", "emoji": "<:4991pinkmilk:1261961291925291112>", "price": 135000, "intimacy": 270 },
  { "name": "Thú cưng 2", "emoji": "<:6888axelotl:1261961281326284883>", "price": 700000, "intimacy": 1400 },
  { "name": "Trà sữa", "emoji": "<:6203peachmilk:1261960936151842876>", "price": 65000, "intimacy": 130 },
  { "name": "Giỏ tình yêu", "emoji": "<a:6170hearttrolly:1261960969928708150>", "price": 570000, "intimacy": 1140 },
  { "name": "Cốc kem", "emoji": "<:6141cakebow:1261960940996526171>", "price": 50000, "intimacy": 100 },
  { "name": "Bông hoa", "emoji": "<:6033_pixel_flower:1261961285604606015>", "price": 50000, "intimacy": 100 },
  { "name": "Sakura ngũ sắc", "emoji": "<a:5006sakurapetals:1261961283130101793>", "price": 350000, "intimacy": 700 },
  { "name": "Tình yêu này...", "emoji": "<a:7386mymelody:1261960979680333855>", "price": 100000, "intimacy": 200 },
  { "name": "Sữa hồng", "emoji": "<a:9668milkpink:1261960933270618192>", "price": 90000, "intimacy": 180 },
  { "name": "Công chúa của anh", "emoji": "<a:8391princessbow:1261960945542893648>", "price": 350000, "intimacy": 700 },
  { "name": "Công chú t2 của tôi", "emoji": "<:8466pinkownercrown:1261961287584190565>", "price": 200000, "intimacy": 400 },
  { "name": "Cốc kem 2", "emoji": "<:8876pinkcupcake:1261961298489638922>", "price": 96000, "intimacy": 192 },
  { "name": "Chocolate", "emoji": "🍫", "price": 50000, "intimacy": 100 },
  { "name": "Candy", "emoji": "🍬", "price": 30000, "intimacy": 50 },
  { "name": "Cake", "emoji": "🍰", "price": 70000, "intimacy": 150 },
  { "name": "Flower", "emoji": "🌸", "price": 20000, "intimacy": 30 },
  { "name": "Teddy Bear", "emoji": "🧸", "price": 100000, "intimacy": 200 },
  { "name": "Heart Balloon", "emoji": "🎈", "price": 40000, "intimacy": 80 },
  { "name": "Perfume", "emoji": "💐", "price": 120000, "intimacy": 250 },
  { "name": "Jewelry", "emoji": "💍", "price": 500000, "intimacy": 500 },
  { "name": "Handwritten Card", "emoji": "💌", "price": 15000, "intimacy": 20 },
  { "name": "Box of Chocolates", "emoji": "🍫", "price": 80000, "intimacy": 170 },
  { "name": "Fancy Dinner", "emoji": "🍽️", "price": 200000, "intimacy": 300 },
  { "name": "Wine", "emoji": "🍷", "price": 90000, "intimacy": 180 },
  { "name": "Stuffed Animal", "emoji": "🧸", "price": 110000, "intimacy": 210 },
  { "name": "Rose Bouquet", "emoji": "🌹", "price": 60000, "intimacy": 120 },
  { "name": "Gift Basket", "emoji": "🎁", "price": 130000, "intimacy": 260 },
  { "name": "Scented Candle", "emoji": "🕯️", "price": 45000, "intimacy": 90 },
  { "name": "Love Letter", "emoji": "✉️", "price": 25000, "intimacy": 50 },
  { "name": "Ice Cream", "emoji": "🍦", "price": 50000, "intimacy": 100 },
  { "name": "Cupcake", "emoji": "🧁", "price": 60000, "intimacy": 120 },
  { "name": "Lollipop", "emoji": "🍭", "price": 20000, "intimacy": 30 },
  { "name": "Cookies", "emoji": "🍪", "price": 40000, "intimacy": 80 },
  { "name": "Macarons", "emoji": "🍥", "price": 70000, "intimacy": 150 },
  { "name": "Donut", "emoji": "🍩", "price": 30000, "intimacy": 50 },
  { "name": "Brownie", "emoji": "🍫", "price": 50000, "intimacy": 100 },
  { "name": "Popcorn", "emoji": "🍿", "price": 20000, "intimacy": 30 },
  { "name": "Milkshake", "emoji": "🥤", "price": 60000, "intimacy": 120 },
  { "name": "Pastry", "emoji": "🥐", "price": 70000, "intimacy": 150 },
  { "name": "Muffin", "emoji": "🍞", "price": 50000, "intimacy": 100 },
  { "name": "Pancake", "emoji": "🥞", "price": 60000, "intimacy": 120 },
  { "name": "Pudding", "emoji": "🍮", "price": 50000, "intimacy": 100 },
  { "name": "Kẹo", "emoji": "<:9386lollipoppink:1261960938421092474>", "price": 68000, "intimacy": 136 },
  { "name": "Vợ là số 1", "emoji": "<a:9761lightpinkcrown:1261960952224546818>", "price": 1000000, "intimacy": 2000 },
  { "name": "Sữa chua", "emoji": "<a:9668milkpink:1261960933270618192>", "price": 85000, "intimacy": 170 },
  { "name": "Gấu bông", "emoji": "<:9522mymelodyplushie:1261961289853440051>", "price": 120000, "intimacy": 240 },
  { "name": "Soda", "emoji": "<:9441pinksoda:1261961296115400755>", "price": 75000, "intimacy": 150 },
  { "name": "Dâu tây", "emoji": "<:mimi_traidau:1261961572440473701>", "price": 65000, "intimacy": 130 },
  { "name": "Kem dâu", "emoji": "<:mimi_strawberrycake:1261961322774397020>", "price": 65000, "intimacy": 130 },
  { "name": "Dâu tây 2", "emoji": "<:mimi_strawberry1:1261961317108158464>", "price": 65000, "intimacy": 130 },
  { "name": "Hoa", "emoji": "<:mimi_pinktropicalflower:1261961325597294702>", "price": 55000, "intimacy": 110 },
  { "name": "Cà phê tình yêu", "emoji": "<:mimi_pinkcoffee:1261961305179295825>", "price": 85000, "intimacy": 170 },
  { "name": "Nơ nỏ", "emoji": "<:mimi_pinkribbon:1261961327753297970>", "price": 15000, "intimacy": 30 },
  { "name": "Nơ vip", "emoji": "<:mimi_pinkbow:1261961320706871377>", "price": 150000, "intimacy": 300 },
  { "name": "Xi líp mới nha em iu", "emoji": "<:mimi_pepeknickerspink:1261961303166287902>", "price": 300020, "intimacy": 600 },
  { "name": "Gấu bông cuti", "emoji": "<:mimi_hkangel:1261961310128836659>", "price": 150412, "intimacy": 300 },
  { "name": "Thỏ tình yêu", "emoji": "<:mimi_bunnylove:1261961333151240202>", "price": 245100, "intimacy": 490 },
  { "name": "Làm bữa tối cho anh nha", "emoji": "<:mimi_bcs:1261961559853367319>", "price": 10000000, "intimacy": 20000 },
  { "name": "....", "emoji": "<:mimi_:1261961564572090398>", "price": 42154, "intimacy": 84 }
]
