[
    {
        "name": "The Fool",
        "keywords": ["Khởi đầu", "Ngây thơ", "Tự phát", "Tinh thần tự do"],
        "description": "Lá bài The Fool đại diện cho sự khởi đầu mới, có niềm tin vào tương lai, thiếu kinh nghiệm, không biết điều gì sẽ xảy ra, gặp may mắn, ứng biến, và tin rằng vũ trụ sẽ cung cấp.",
        "meaning": "Trong một trải bài, The Fool chỉ ra một khởi đầu mới hoặc một giai đoạn mới trong cuộc sống của bạn. Nó khuyến khích bạn nắm lấy cơ hội và chấp nhận rủi ro.",
        "image": "https://www.trustedtarot.com/img/cards/the-fool.png",
        "reversed": {
            "keywords": ["Thiếu suy nghĩ", "Ngu ngốc", "Ngây ngô", "Rụt rè"],
            "description": "Ngược lại, lá The Fool đại diện cho hành động thiếu suy nghĩ, bị lợi dụng, không cân nhắc kỹ lưỡng.",
            "meaning": "Khi lá bài ngược, The Fool cho thấy bạn có thể đang hành động quá bốc đồng hoặc không cân nhắc đến hậu quả của hành động của mình."
        }
    },
    {
        "name": "The Magician",
        "keywords": ["Ý chí", "Khát vọng", "Sáng tạo", "Thể hiện"],
        "description": "The Magician nói về việc hiện thực hóa mục tiêu của bạn bằng cách sử dụng kỹ năng, tài nguyên và quyết tâm của bạn. Nó biểu thị sự sáng tạo, hành động, quyền lực và khả năng biến tầm nhìn thành hiện thực.",
        "meaning": "The Magician khuyến khích bạn tận dụng hết tiềm năng của mình và hành động để đạt được khát vọng.",
        "image": "https://www.trustedtarot.com/img/cards/the-magician.png",
        "reversed": {
            "keywords": ["Thao túng", "Kế hoạch kém", "Tài năng chưa được khai thác"],
            "description": "Ngược lại, The Magician cho thấy bạn có thể đang gặp khó khăn trong việc sử dụng khả năng của mình một cách hiệu quả, cảm thấy thiếu động lực hoặc thiếu định hướng.",
            "meaning": "Khi lá bài ngược, The Magician có thể chỉ ra rằng bạn cần tập trung vào việc rèn luyện kỹ năng và lên kế hoạch cẩn thận."
        }
    },
    {
        "name": "The High Priestess",
        "keywords": ["Trực giác", "Bí ẩn", "Hiểu biết", "Tiềm thức"],
        "description": "The High Priestess biểu thị sự thông thái, trực giác và bí ẩn. Nó liên kết với sự hiểu biết sâu sắc và tiềm thức.",
        "meaning": "The High Priestess khuyến khích bạn lắng nghe trực giác của mình và khám phá những bí ẩn của tiềm thức.",
        "image": "https://www.trustedtarot.com/img/cards/the-high-priestess.png",
        "reversed": {
            "keywords": ["Thiếu hiểu biết", "Thiếu trực giác", "Mất kết nối với tiềm thức"],
            "description": "Ngược lại, The High Priestess biểu thị sự thiếu hiểu biết, thiếu trực giác và mất kết nối với tiềm thức.",
            "meaning": "Khi lá bài ngược, The High Priestess cho thấy bạn cần phải chú ý hơn đến trực giác của mình và tìm kiếm sự hiểu biết sâu sắc hơn."
        }
    },
    {
        "name": "The Empress",
        "keywords": ["Mẹ", "Tình yêu", "Sự sáng tạo", "Mẫu mực"],
        "description": "The Empress biểu thị tình yêu vô điều kiện, sự sáng tạo và mẫu mực. Nó liên kết với sự phong phú và màu mỡ.",
        "meaning": "The Empress khuyến khích bạn thể hiện tình yêu và sự chăm sóc đến người khác, cũng như tìm kiếm sự sáng tạo trong cuộc sống.",
        "image": "https://www.trustedtarot.com/img/cards/the-empress.png",
        "reversed": {
            "keywords": ["Thiếu sự sáng tạo", "Thiếu tình yêu", "Bất ổn"],
            "description": "Ngược lại, The Empress biểu thị sự thiếu sáng tạo, thiếu tình yêu và bất ổn trong cuộc sống.",
            "meaning": "Khi lá bài ngược, The Empress cho thấy bạn cần phải tìm kiếm sự cân bằng và ổn định, cũng như khuyến khích sự sáng tạo và tình yêu trong cuộc sống."
        }
    },
    {
        "name": "The Emperor",
        "keywords": ["Quyền lực", "Lãnh đạo", "Cấu trúc", "Kiểm soát"],
        "description": "The Emperor biểu thị quyền lực, sự lãnh đạo và kiểm soát. Nó liên kết với cấu trúc và trật tự.",
        "meaning": "The Emperor khuyến khích bạn nắm lấy quyền lực và lãnh đạo, cũng như thiết lập cấu trúc và trật tự trong cuộc sống.",
        "image": "https://www.trustedtarot.com/img/cards/the-emperor.png",
        "reversed": {
            "keywords": ["Thiếu kiểm soát", "Thiếu quyền lực", "Bất ổn"],
            "description": "Ngược lại, The Emperor biểu thị sự thiếu kiểm soát, thiếu quyền lực và bất ổn trong cuộc sống.",
            "meaning": "Khi lá bài ngược, The Emperor cho thấy bạn cần phải tìm kiếm sự cân bằng và ổn định, cũng như khuyến khích sự kiểm soát và quyền lực trong cuộc sống."
        }
    },
    {
        "name": "The Hierophant",
        "keywords": ["Truyền thống", "Giáo dục", "Niềm tin", "Tổ chức"],
        "description": "The Hierophant biểu thị truyền thống, giáo dục và niềm tin. Nó liên kết với tổ chức và hệ thống niềm tin.",
        "meaning": "The Hierophant khuyến khích bạn tuân thủ truyền thống và tổ chức, cũng như tìm kiếm sự giáo dục và niềm tin trong cuộc sống.",
        "image": "https://www.trustedtarot.com/img/cards/the-hierophant.png",
        "reversed": {
            "keywords": ["Nổi loạn", "Thiếu tổ chức", "Mất niềm tin"],
            "description": "Ngược lại, The Hierophant biểu thị sự nổi loạn, thiếu tổ chức và mất niềm tin trong cuộc sống.",
            "meaning": "Khi lá bài ngược, The Hierophant cho thấy bạn cần phải tìm kiếm sự cân bằng và ổn định, cũng như khuyến khích sự tổ chức và niềm tin trong cuộc sống."
        }
    },
    {
        "name": "The Lovers",
        "keywords": ["Tình yêu", "Sự kết nối", "Mối quan hệ", "Lựa chọn"],
        "description": "The Lovers biểu thị tình yêu, sự kết nối và mối quan hệ. Nó liên kết với sự lựa chọn và quyết định quan trọng trong cuộc sống.",
        "meaning": "The Lovers khuyến khích bạn tìm kiếm sự cân bằng và hòa hợp trong mối quan hệ, cũng như đưa ra những quyết định đúng đắn và trung thực với bản thân.",
        "image": "https://www.trustedtarot.com/img/cards/the-lovers.png",
        "reversed": {
            "keywords": ["Mâu thuẫn", "Lựa chọn sai lầm", "Thiếu hòa hợp"],
            "description": "Ngược lại, The Lovers biểu thị mâu thuẫn, lựa chọn sai lầm và thiếu hòa hợp trong mối quan hệ.",
            "meaning": "Khi lá bài ngược, The Lovers cho thấy bạn cần phải xem xét lại mối quan hệ và quyết định của mình, cũng như tìm kiếm sự hòa hợp và cân bằng."
        }
    },
    {
        "name": "The Chariot",
        "keywords": ["Chiến thắng", "Quyết tâm", "Kiểm soát", "Hành động"],
        "description": "The Chariot biểu thị chiến thắng, quyết tâm và kiểm soát. Nó liên kết với hành động và tiến về phía trước.",
        "meaning": "The Chariot khuyến khích bạn nắm lấy quyền kiểm soát và quyết tâm để đạt được mục tiêu của mình, cũng như hành động và tiến về phía trước.",
        "image": "https://www.trustedtarot.com/img/cards/the-chariot.png",
        "reversed": {
            "keywords": ["Thiếu kiểm soát", "Thiếu quyết tâm", "Bế tắc"],
            "description": "Ngược lại, The Chariot biểu thị sự thiếu kiểm soát, thiếu quyết tâm và bế tắc trong cuộc sống.",
            "meaning": "Khi lá bài ngược, The Chariot cho thấy bạn cần phải tìm kiếm sự cân bằng và kiểm soát, cũng như khuyến khích sự quyết tâm và hành động."
        }
    },
    {
        "name": "Strength",
        "keywords": ["Sức mạnh", "Dũng cảm", "Kiên nhẫn", "Lòng trắc ẩn"],
        "description": "Strength biểu thị sức mạnh, dũng cảm và kiên nhẫn. Nó liên kết với lòng trắc ẩn và sự kiềm chế.",
        "meaning": "Strength khuyến khích bạn sử dụng sức mạnh và dũng cảm của mình để đối mặt với thử thách, cũng như thể hiện lòng trắc ẩn và kiên nhẫn.",
        "image": "https://www.trustedtarot.com/img/cards/strength.png",
        "reversed": {
            "keywords": ["Thiếu sức mạnh", "Thiếu dũng cảm", "Thiếu kiên nhẫn"],
            "description": "Ngược lại, Strength biểu thị sự thiếu sức mạnh, thiếu dũng cảm và thiếu kiên nhẫn.",
            "meaning": "Khi lá bài ngược, Strength cho thấy bạn cần phải tìm kiếm sức mạnh và dũng cảm, cũng như khuyến khích lòng trắc ẩn và kiên nhẫn."
        }
    },
    {
        "name": "The Hermit",
        "keywords": ["Trầm tư", "Khám phá bản thân", "Ẩn dật", "Thông thái"],
        "description": "The Hermit biểu thị sự trầm tư, khám phá bản thân và ẩn dật. Nó liên kết với sự thông thái và tìm kiếm ý nghĩa.",
        "meaning": "The Hermit khuyến khích bạn tìm kiếm sự trầm tư và khám phá bản thân, cũng như tìm kiếm sự thông thái và ý nghĩa trong cuộc sống.",
        "image": "https://www.trustedtarot.com/img/cards/the-hermit.png",
        "reversed": {
            "keywords": ["Cô lập", "Mất kết nối", "Thiếu thông thái"],
            "description": "Ngược lại, The Hermit biểu thị sự cô lập, mất kết nối và thiếu thông thái.",
            "meaning": "Khi lá bài ngược, The Hermit cho thấy bạn cần phải tìm kiếm sự kết nối và thông thái, cũng như khuyến khích sự trầm tư và khám phá bản thân."
        }
    },
    {
        "name": "Wheel of Fortune",
        "keywords": ["Vận may", "Thay đổi", "Chu kỳ", "Số phận"],
        "description": "Wheel of Fortune biểu thị vận may, thay đổi và chu kỳ. Nó liên kết với số phận và sự thay đổi không thể tránh khỏi.",
        "meaning": "Wheel of Fortune khuyến khích bạn chấp nhận sự thay đổi và tin vào số phận, cũng như tìm kiếm cơ hội và vận may trong cuộc sống.",
        "image": "https://www.trustedtarot.com/img/cards/wheel-of-fortune.png",
        "reversed": {
            "keywords": ["Xui xẻo", "Kháng cự thay đổi", "Chu kỳ tiêu cực"],
            "description": "Ngược lại, Wheel of Fortune biểu thị sự xui xẻo, kháng cự thay đổi và chu kỳ tiêu cực.",
            "meaning": "Khi lá bài ngược, Wheel of Fortune cho thấy bạn cần phải chấp nhận sự thay đổi và tìm kiếm cơ hội, cũng như khuyến khích sự tin vào số phận."
        }
    },
    {
        "name": "Justice",
        "keywords": ["Công lý", "Cân bằng", "Sự thật", "Trách nhiệm"],
        "description": "Justice biểu thị công lý, cân bằng và sự thật. Nó liên kết với trách nhiệm và sự công bằng.",
        "meaning": "Justice khuyến khích bạn tìm kiếm sự cân bằng và công lý, cũng như đối mặt với trách nhiệm và sự thật trong cuộc sống.",
        "image": "https://www.trustedtarot.com/img/cards/justice.png",
        "reversed": {
            "keywords": ["Thiếu công bằng", "Thiếu cân bằng", "Không trách nhiệm"],
            "description": "Ngược lại, Justice biểu thị sự thiếu công bằng, thiếu cân bằng và không trách nhiệm.",
            "meaning": "Khi lá bài ngược, Justice cho thấy bạn cần phải tìm kiếm sự cân bằng và công bằng, cũng như đối mặt với trách nhiệm và sự thật."
        }
    },
    {
        "name": "The Hanged Man",
        "keywords": ["Hy sinh", "Giác ngộ", "Đảo ngược", "Đình trệ"],
        "description": "The Hanged Man biểu thị sự hy sinh, giác ngộ và đảo ngược. Nó liên kết với sự đình trệ và nhìn nhận vấn đề từ góc độ khác.",
        "meaning": "The Hanged Man khuyến khích bạn chấp nhận sự hy sinh và tìm kiếm giác ngộ, cũng như nhìn nhận vấn đề từ góc độ khác.",
        "image": "https://www.trustedtarot.com/img/cards/the-hanged-man.png",
        "reversed": {
            "keywords": ["Trì hoãn", "Thiếu quyết đoán", "Mất phương hướng"],
            "description": "Ngược lại, The Hanged Man biểu thị sự trì hoãn, thiếu quyết đoán và mất phương hướng.",
            "meaning": "Khi lá bài ngược, The Hanged Man cho thấy bạn cần phải tìm kiếm sự quyết đoán và phương hướng, cũng như chấp nhận sự hy sinh và tìm kiếm giác ngộ."
        }
    },
    {
        "name": "Death",
        "keywords": ["Kết thúc", "Thay đổi", "Biến đổi", "Tái sinh"],
        "description": "Death biểu thị kết thúc, thay đổi và biến đổi. Nó liên kết với sự tái sinh và khởi đầu mới.",
        "meaning": "Death khuyến khích bạn chấp nhận sự kết thúc và thay đổi, cũng như tìm kiếm sự tái sinh và khởi đầu mới.",
        "image": "https://www.trustedtarot.com/img/cards/death.png",
        "reversed": {
            "keywords": ["Chống đối thay đổi", "Sợ hãi", "Mất mát"],
            "description": "Ngược lại, Death biểu thị sự chống đối thay đổi, sợ hãi và mất mát.",
            "meaning": "Khi lá bài ngược, Death cho thấy bạn cần phải chấp nhận sự thay đổi và tìm kiếm sự tái sinh, cũng như đối mặt với sự sợ hãi và mất mát."
        }
    },
    {
        "name": "Temperance",
        "keywords": ["Cân bằng", "Hài hòa", "Kiên nhẫn", "Chấp nhận"],
        "description": "Temperance biểu thị cân bằng, hài hòa và kiên nhẫn. Nó liên kết với sự chấp nhận và điều độ.",
        "meaning": "Temperance khuyến khích bạn tìm kiếm sự cân bằng và hài hòa, cũng như thể hiện sự kiên nhẫn và chấp nhận trong cuộc sống.",
        "image": "https://www.trustedtarot.com/img/cards/temperance.png",
        "reversed": {
            "keywords": ["Mất cân bằng", "Căng thẳng", "Quá độ"],
            "description": "Ngược lại, Temperance biểu thị sự mất cân bằng, căng thẳng và quá độ.",
            "meaning": "Khi lá bài ngược, Temperance cho thấy bạn cần phải tìm kiếm sự cân bằng và hài hòa, cũng như thể hiện sự kiên nhẫn và chấp nhận."
        }
    },
    {
        "name": "The Devil",
        "keywords": ["Cám dỗ", "Ám ảnh", "Bị ràng buộc", "Điều khiển"],
        "description": "The Devil biểu thị cám dỗ, ám ảnh và bị ràng buộc. Nó liên kết với sự điều khiển và những thói quen xấu.",
        "meaning": "The Devil khuyến khích bạn nhận thức và đối mặt với những cám dỗ và thói quen xấu, cũng như tìm cách giải phóng bản thân khỏi sự điều khiển và ám ảnh.",
        "image": "https://www.trustedtarot.com/img/cards/the-devil.png",
        "reversed": {
            "keywords": ["Giải thoát", "Tự do", "Nhận thức"],
            "description": "Ngược lại, The Devil biểu thị sự giải thoát, tự do và nhận thức.",
            "meaning": "Khi lá bài ngược, The Devil cho thấy bạn đang trên con đường giải thoát và tự do khỏi những cám dỗ và thói quen xấu, cũng như tăng cường nhận thức về bản thân."
        }
    },
    {
        "name": "The Tower",
        "keywords": ["Sụp đổ", "Biến động", "Khủng hoảng", "Đổi mới"],
        "description": "The Tower biểu thị sự sụp đổ, biến động và khủng hoảng. Nó liên kết với sự đổi mới và khởi đầu lại sau những khó khăn.",
        "meaning": "The Tower khuyến khích bạn chấp nhận những biến động và khủng hoảng trong cuộc sống, cũng như tìm cách tái thiết và đổi mới sau những khó khăn.",
        "image": "https://www.trustedtarot.com/img/cards/the-tower.png",
        "reversed": {
            "keywords": ["Kháng cự", "Trì hoãn", "Lo sợ thay đổi"],
            "description": "Ngược lại, The Tower biểu thị sự kháng cự, trì hoãn và lo sợ thay đổi.",
            "meaning": "Khi lá bài ngược, The Tower cho thấy bạn cần phải chấp nhận sự thay đổi và tìm cách tái thiết cuộc sống, cũng như đối mặt với sự sợ hãi và kháng cự."
        }
    },
    {
        "name": "The Star",
        "keywords": ["Hy vọng", "Niềm tin", "Khả năng chữa lành", "Cảm hứng"],
        "description": "The Star biểu thị hy vọng, niềm tin và khả năng chữa lành. Nó liên kết với cảm hứng và sự hướng dẫn tinh thần.",
        "meaning": "The Star khuyến khích bạn tin tưởng vào tương lai và khả năng của mình, cũng như tìm kiếm sự cảm hứng và hướng dẫn tinh thần.",
        "image": "https://www.trustedtarot.com/img/cards/the-star.png",
        "reversed": {
            "keywords": ["Thiếu hy vọng", "Mất niềm tin", "Không cảm hứng"],
            "description": "Ngược lại, The Star biểu thị sự thiếu hy vọng, mất niềm tin và không cảm hứng.",
            "meaning": "Khi lá bài ngược, The Star cho thấy bạn cần phải tìm kiếm sự hy vọng và niềm tin, cũng như khuyến khích sự cảm hứng và khả năng chữa lành."
        }
    },
    {
        "name": "The Moon",
        "keywords": ["Ảo tưởng", "Bí ẩn", "Tiềm thức", "Nỗi sợ"],
        "description": "The Moon biểu thị ảo tưởng, bí ẩn và tiềm thức. Nó liên kết với nỗi sợ và sự mơ hồ.",
        "meaning": "The Moon khuyến khích bạn khám phá tiềm thức và đối mặt với nỗi sợ của mình, cũng như tìm cách giải quyết những ảo tưởng và bí ẩn trong cuộc sống.",
        "image": "https://www.trustedtarot.com/img/cards/the-moon.png",
        "reversed": {
            "keywords": ["Sự rõ ràng", "Giác ngộ", "Giải quyết nỗi sợ"],
            "description": "Ngược lại, The Moon biểu thị sự rõ ràng, giác ngộ và giải quyết nỗi sợ.",
            "meaning": "Khi lá bài ngược, The Moon cho thấy bạn đang trên con đường tìm kiếm sự rõ ràng và giác ngộ, cũng như đối mặt và giải quyết những nỗi sợ và ảo tưởng."
        }
    },
    {
        "name": "The Sun",
        "keywords": ["Thành công", "Niềm vui", "Sự rõ ràng", "Khả năng sáng tạo"],
        "description": "The Sun biểu thị thành công, niềm vui và sự rõ ràng. Nó liên kết với khả năng sáng tạo và năng lượng tích cực.",
        "meaning": "The Sun khuyến khích bạn tận hưởng thành công và niềm vui trong cuộc sống, cũng như tìm kiếm sự rõ ràng và sáng tạo.",
        "image": "https://www.trustedtarot.com/img/cards/the-sun.png",
        "reversed": {
            "keywords": ["Thiếu thành công", "Thiếu niềm vui", "Không rõ ràng"],
            "description": "Ngược lại, The Sun biểu thị sự thiếu thành công, thiếu niềm vui và không rõ ràng.",
            "meaning": "Khi lá bài ngược, The Sun cho thấy bạn cần phải tìm kiếm sự rõ ràng và sáng tạo, cũng như khuyến khích thành công và niềm vui trong cuộc sống."
        }
    },
    {
        "name": "Judgement",
        "keywords": ["Phán xét", "Tái sinh", "Đánh giá", "Kết thúc"],
        "description": "Judgement biểu thị phán xét, tái sinh và đánh giá. Nó liên kết với sự kết thúc và khởi đầu mới.",
        "meaning": "Judgement khuyến khích bạn tự đánh giá và phán xét bản thân, cũng như chấp nhận sự kết thúc và tìm kiếm sự tái sinh và khởi đầu mới.",
        "image": "https://www.trustedtarot.com/img/cards/judgement.png",
        "reversed": {
            "keywords": ["Thiếu phán xét", "Không đánh giá", "Chần chừ"],
            "description": "Ngược lại, Judgement biểu thị sự thiếu phán xét, không đánh giá và chần chừ.",
            "meaning": "Khi lá bài ngược, Judgement cho thấy bạn cần phải tự đánh giá và phán xét bản thân, cũng như chấp nhận sự kết thúc và tìm kiếm sự tái sinh và khởi đầu mới."
        }
    },
    {
        "name": "The World",
        "keywords": ["Hoàn thành", "Toàn vẹn", "Thành tựu", "Kết thúc"],
        "description": "The World biểu thị sự hoàn thành, toàn vẹn và thành tựu. Nó liên kết với sự kết thúc và chu kỳ mới.",
        "meaning": "The World khuyến khích bạn tận hưởng cảm giác hoàn thành và thành tựu trong cuộc sống, cũng như chấp nhận sự kết thúc và tìm kiếm chu kỳ mới.",
        "image": "https://www.trustedtarot.com/img/cards/the-world.png",
        "reversed": {
            "keywords": ["Thiếu hoàn thành", "Chưa hoàn tất", "Chần chừ"],
            "description": "Ngược lại, The World biểu thị sự thiếu hoàn thành, chưa hoàn tất và chần chừ.",
            "meaning": "Khi lá bài ngược, The World cho thấy bạn cần phải tìm kiếm sự hoàn thành và thành tựu, cũng như chấp nhận sự kết thúc và tìm kiếm chu kỳ mới."
        }
    },
    {
        "name": "Ace of Cups",
        "keywords": ["Tình yêu", "Cảm xúc", "Sáng tạo", "Khởi đầu mới"],
        "description": "Ace of Cups biểu thị tình yêu, cảm xúc và sáng tạo. Nó liên kết với sự khởi đầu mới trong các mối quan hệ và cảm xúc.",
        "meaning": "Ace of Cups khuyến khích bạn tận hưởng tình yêu và cảm xúc, cũng như tìm kiếm sự sáng tạo và khởi đầu mới trong cuộc sống.",
        "image": "https://www.trustedtarot.com/img/cards/ace-of-cups.png",
        "reversed": {
            "keywords": ["Thiếu cảm xúc", "Mất cân bằng", "Thiếu sáng tạo"],
            "description": "Ngược lại, Ace of Cups biểu thị sự thiếu cảm xúc, mất cân bằng và thiếu sáng tạo.",
            "meaning": "Khi lá bài ngược, Ace of Cups cho thấy bạn cần phải tìm kiếm sự cân bằng và sáng tạo, cũng như khuyến khích tình yêu và cảm xúc trong cuộc sống."
        }
    },
    {
        "name": "Two of Cups",
        "keywords": ["Mối quan hệ", "Kết nối", "Tình bạn", "Hợp tác"],
        "description": "Two of Cups biểu thị mối quan hệ, kết nối và tình bạn. Nó liên kết với sự hợp tác và hòa hợp trong các mối quan hệ.",
        "meaning": "Two of Cups khuyến khích bạn tìm kiếm sự kết nối và hợp tác trong các mối quan hệ, cũng như tận hưởng tình bạn và tình yêu.",
        "image": "https://www.trustedtarot.com/img/cards/two-of-cups.png",
        "reversed": {
            "keywords": ["Mâu thuẫn", "Mất kết nối", "Thiếu hòa hợp"],
            "description": "Ngược lại, Two of Cups biểu thị sự mâu thuẫn, mất kết nối và thiếu hòa hợp trong các mối quan hệ.",
            "meaning": "Khi lá bài ngược, Two of Cups cho thấy bạn cần phải tìm kiếm sự hòa hợp và kết nối, cũng như khuyến khích tình bạn và tình yêu trong cuộc sống."
        }
    },
    {
        "name": "Three of Cups",
        "keywords": ["Lễ hội", "Tình bạn", "Niềm vui", "Sự đoàn kết"],
        "description": "Three of Cups biểu thị lễ hội, tình bạn và niềm vui. Nó liên kết với sự đoàn kết và hỗ trợ trong các mối quan hệ.",
        "meaning": "Three of Cups khuyến khích bạn tận hưởng niềm vui và tình bạn, cũng như tìm kiếm sự đoàn kết và hỗ trợ trong các mối quan hệ.",
        "image": "https://www.trustedtarot.com/img/cards/three-of-cups.png",
        "reversed": {
            "keywords": ["Cô lập", "Mất niềm vui", "Thiếu đoàn kết"],
            "description": "Ngược lại, Three of Cups biểu thị sự cô lập, mất niềm vui và thiếu đoàn kết.",
            "meaning": "Khi lá bài ngược, Three of Cups cho thấy bạn cần phải tìm kiếm sự đoàn kết và hỗ trợ, cũng như khuyến khích niềm vui và tình bạn trong cuộc sống."
        }
    },
    {
        "name": "Four of Cups",
        "keywords": ["Chán nản", "Thiếu động lực", "Cảm thấy bế tắc", "Suy ngẫm"],
        "description": "Four of Cups biểu thị sự chán nản, thiếu động lực và cảm thấy bế tắc. Nó liên kết với sự suy ngẫm và tìm kiếm ý nghĩa.",
        "meaning": "Four of Cups khuyến khích bạn suy ngẫm và tìm kiếm ý nghĩa trong cuộc sống, cũng như đối mặt với sự chán nản và tìm cách khắc phục.",
        "image": "https://www.trustedtarot.com/img/cards/four-of-cups.png",
        "reversed": {
            "keywords": ["Động lực", "Khám phá", "Tìm kiếm cơ hội"],
            "description": "Ngược lại, Four of Cups biểu thị sự động lực, khám phá và tìm kiếm cơ hội.",
            "meaning": "Khi lá bài ngược, Four of Cups cho thấy bạn đang trên con đường tìm kiếm động lực và cơ hội, cũng như khuyến khích sự khám phá và tìm kiếm ý nghĩa."
        }
    },
    {
        "name": "Five of Cups",
        "keywords": ["Mất mát", "Hối tiếc", "Thất vọng", "Đau khổ"],
        "description": "Five of Cups biểu thị sự mất mát, hối tiếc và thất vọng. Nó liên kết với cảm giác đau khổ và tiếc nuối.",
        "meaning": "Five of Cups khuyến khích bạn đối mặt với sự mất mát và hối tiếc, cũng như tìm cách vượt qua đau khổ và thất vọng.",
        "image": "https://www.trustedtarot.com/img/cards/five-of-cups.png",
        "reversed": {
            "keywords": ["Chấp nhận", "Hồi phục", "Tìm lại hy vọng"],
            "description": "Ngược lại, Five of Cups biểu thị sự chấp nhận, hồi phục và tìm lại hy vọng.",
            "meaning": "Khi lá bài ngược, Five of Cups cho thấy bạn đang trên con đường chấp nhận và hồi phục, cũng như khuyến khích sự hy vọng và vượt qua đau khổ."
        }
    },
    {
        "name": "Six of Cups",
        "keywords": ["Kỷ niệm", "Hoài niệm", "Trở về quá khứ", "Lòng nhân ái"],
        "description": "Six of Cups biểu thị kỷ niệm, hoài niệm và trở về quá khứ. Nó liên kết với lòng nhân ái và sự chia sẻ.",
        "meaning": "Six of Cups khuyến khích bạn tận hưởng kỷ niệm và hoài niệm, cũng như tìm kiếm lòng nhân ái và chia sẻ trong cuộc sống.",
        "image": "https://www.trustedtarot.com/img/cards/six-of-cups.png",
        "reversed": {
            "keywords": ["Mất kỷ niệm", "Mất hoài niệm", "Thiếu nhân ái"],
            "description": "Ngược lại, Six of Cups biểu thị sự mất kỷ niệm, mất hoài niệm và thiếu nhân ái.",
            "meaning": "Khi lá bài ngược, Six of Cups cho thấy bạn cần phải tìm kiếm kỷ niệm và hoài niệm, cũng như khuyến khích lòng nhân ái và chia sẻ trong cuộc sống."
        }
    },
    {
        "name": "Seven of Cups",
        "keywords": ["Ảo tưởng", "Lựa chọn", "Mơ mộng", "Phân vân"],
        "description": "Seven of Cups biểu thị ảo tưởng, lựa chọn và mơ mộng. Nó liên kết với sự phân vân và khó khăn trong việc ra quyết định.",
        "meaning": "Seven of Cups khuyến khích bạn tỉnh táo và cân nhắc kỹ lưỡng trước khi ra quyết định, cũng như tránh xa những ảo tưởng và mơ mộng không thực tế.",
        "image": "https://www.trustedtarot.com/img/cards/seven-of-cups.png",
        "reversed": {
            "keywords": ["Rõ ràng", "Quyết đoán", "Thực tế"],
            "description": "Ngược lại, Seven of Cups biểu thị sự rõ ràng, quyết đoán và thực tế.",
            "meaning": "Khi lá bài ngược, Seven of Cups cho thấy bạn cần phải tìm kiếm sự rõ ràng và quyết đoán, cũng như khuyến khích sự thực tế và tránh xa ảo tưởng."
        }
    },
    {
        "name": "Eight of Cups",
        "keywords": ["Từ bỏ", "Điều hướng", "Tìm kiếm", "Thay đổi"],
        "description": "Eight of Cups biểu thị sự từ bỏ, điều hướng và tìm kiếm. Nó liên kết với sự thay đổi và khởi đầu mới.",
        "meaning": "Eight of Cups khuyến khích bạn chấp nhận sự từ bỏ và tìm kiếm hướng đi mới, cũng như đối mặt với sự thay đổi và khởi đầu mới.",
        "image": "https://www.trustedtarot.com/img/cards/eight-of-cups.png",
        "reversed": {
            "keywords": ["Kháng cự", "Chần chừ", "Sợ thay đổi"],
            "description": "Ngược lại, Eight of Cups biểu thị sự kháng cự, chần chừ và sợ thay đổi.",
            "meaning": "Khi lá bài ngược, Eight of Cups cho thấy bạn cần phải chấp nhận sự thay đổi và tìm kiếm hướng đi mới, cũng như khuyến khích sự từ bỏ và đối mặt với nỗi sợ."
        }
    },
    {
        "name": "Nine of Cups",
        "keywords": ["Hạnh phúc", "Thỏa mãn", "Ước mơ thành hiện thực", "Thành công"],
        "description": "Nine of Cups biểu thị hạnh phúc, thỏa mãn và ước mơ thành hiện thực. Nó liên kết với sự thành công và niềm vui trong cuộc sống.",
        "meaning": "Nine of Cups khuyến khích bạn tận hưởng hạnh phúc và thỏa mãn, cũng như tìm kiếm sự thành công và niềm vui trong cuộc sống.",
        "image": "https://www.trustedtarot.com/img/cards/nine-of-cups.png",
        "reversed": {
            "keywords": ["Thiếu hạnh phúc", "Không thỏa mãn", "Ước mơ chưa thành hiện thực"],
            "description": "Ngược lại, Nine of Cups biểu thị sự thiếu hạnh phúc, không thỏa mãn và ước mơ chưa thành hiện thực.",
            "meaning": "Khi lá bài ngược, Nine of Cups cho thấy bạn cần phải tìm kiếm sự hạnh phúc và thỏa mãn, cũng như khuyến khích sự thành công và niềm vui trong cuộc sống."
        }
    },
    {
        "name": "Ten of Cups",
        "keywords": ["Hạnh phúc gia đình", "Tình yêu", "Hòa hợp", "Niềm vui"],
        "description": "Ten of Cups biểu thị hạnh phúc gia đình, tình yêu và hòa hợp. Nó liên kết với niềm vui và sự thỏa mãn trong cuộc sống.",
        "meaning": "Ten of Cups khuyến khích bạn tận hưởng hạnh phúc gia đình và tình yêu, cũng như tìm kiếm sự hòa hợp và niềm vui trong cuộc sống.",
        "image": "https://www.trustedtarot.com/img/cards/ten-of-cups.png",
        "reversed": {
            "keywords": ["Mất hạnh phúc", "Thiếu hòa hợp", "Không thỏa mãn"],
            "description": "Ngược lại, Ten of Cups biểu thị sự mất hạnh phúc, thiếu hòa hợp và không thỏa mãn.",
            "meaning": "Khi lá bài ngược, Ten of Cups cho thấy bạn cần phải tìm kiếm sự hạnh phúc và hòa hợp, cũng như khuyến khích niềm vui và thỏa mãn trong cuộc sống."
        }
    },
    {
        "name": "Page of Cups",
        "keywords": ["Sáng tạo", "Cảm xúc", "Trực giác", "Khởi đầu mới"],
        "description": "Page of Cups biểu thị sự sáng tạo, cảm xúc và trực giác. Nó liên kết với sự khởi đầu mới và cảm hứng.",
        "meaning": "Page of Cups khuyến khích bạn tận hưởng sự sáng tạo và cảm xúc, cũng như tìm kiếm sự trực giác và khởi đầu mới trong cuộc sống.",
        "image": "https://www.trustedtarot.com/img/cards/page-of-cups.png",
        "reversed": {
            "keywords": ["Thiếu sáng tạo", "Thiếu cảm xúc", "Thiếu trực giác"],
            "description": "Ngược lại, Page of Cups biểu thị sự thiếu sáng tạo, thiếu cảm xúc và thiếu trực giác.",
            "meaning": "Khi lá bài ngược, Page of Cups cho thấy bạn cần phải tìm kiếm sự sáng tạo và cảm xúc, cũng như khuyến khích sự trực giác và khởi đầu mới trong cuộc sống."
        }
    },
    {
        "name": "Knight of Cups",
        "keywords": ["Lãng mạn", "Lý tưởng", "Tìm kiếm", "Thể hiện cảm xúc"],
        "description": "Knight of Cups biểu thị sự lãng mạn, lý tưởng và tìm kiếm. Nó liên kết với sự thể hiện cảm xúc và tìm kiếm tình yêu.",
        "meaning": "Knight of Cups khuyến khích bạn tận hưởng sự lãng mạn và lý tưởng, cũng như tìm kiếm và thể hiện cảm xúc trong cuộc sống.",
        "image": "https://www.trustedtarot.com/img/cards/knight-of-cups.png",
        "reversed": {
            "keywords": ["Thiếu lãng mạn", "Mất lý tưởng", "Thiếu cảm xúc"],
            "description": "Ngược lại, Knight of Cups biểu thị sự thiếu lãng mạn, mất lý tưởng và thiếu cảm xúc.",
            "meaning": "Khi lá bài ngược, Knight of Cups cho thấy bạn cần phải tìm kiếm sự lãng mạn và lý tưởng, cũng như khuyến khích sự thể hiện cảm xúc và tìm kiếm tình yêu trong cuộc sống."
        }
    },
    {
        "name": "Queen of Cups",
        "keywords": ["Nuôi dưỡng", "Cảm xúc", "Trực giác", "Tình yêu"],
        "description": "Queen of Cups biểu thị sự nuôi dưỡng, cảm xúc và trực giác. Nó liên kết với tình yêu và sự chăm sóc.",
        "meaning": "Queen of Cups khuyến khích bạn tận hưởng sự nuôi dưỡng và cảm xúc, cũng như tìm kiếm và thể hiện tình yêu và trực giác trong cuộc sống.",
        "image": "https://www.trustedtarot.com/img/cards/queen-of-cups.png",
        "reversed": {
            "keywords": ["Thiếu nuôi dưỡng", "Thiếu cảm xúc", "Thiếu trực giác"],
            "description": "Ngược lại, Queen of Cups biểu thị sự thiếu nuôi dưỡng, thiếu cảm xúc và thiếu trực giác.",
            "meaning": "Khi lá bài ngược, Queen of Cups cho thấy bạn cần phải tìm kiếm sự nuôi dưỡng và cảm xúc, cũng như khuyến khích tình yêu và trực giác trong cuộc sống."
        }
    },
    {
        "name": "King of Cups",
        "keywords": ["Lãnh đạo", "Cảm xúc", "Trực giác", "Tình yêu"],
        "description": "King of Cups biểu thị sự lãnh đạo, cảm xúc và trực giác. Nó liên kết với tình yêu và sự chăm sóc.",
        "meaning": "King of Cups khuyến khích bạn tận hưởng sự lãnh đạo và cảm xúc, cũng như tìm kiếm và thể hiện tình yêu và trực giác trong cuộc sống.",
        "image": "https://www.trustedtarot.com/img/cards/king-of-cups.png",
        "reversed": {
            "keywords": ["Thiếu lãnh đạo", "Thiếu cảm xúc", "Thiếu trực giác"],
            "description": "Ngược lại, King of Cups biểu thị sự thiếu lãnh đạo, thiếu cảm xúc và thiếu trực giác.",
            "meaning": "Khi lá bài ngược, King of Cups cho thấy bạn cần phải tìm kiếm sự lãnh đạo và cảm xúc, cũng như khuyến khích tình yêu và trực giác trong cuộc sống."
        }
    }
]
