{
  "games": {
    "1275070383837675581": {
      "1285638611089358848": {
        "players": [
          "1249597593206652959",
          "1207923287519268875"
        ],
        "guessedNumbers": [],
        "lotoCards": {
          "1249597593206652959": [
            [
              37,
              6,
              6,
              63,
              48,
              56,
              9,
              2,
              90
            ],
            [
              51,
              40,
              17,
              43,
              45,
              25,
              11,
              75,
              25
            ],
            [
              81,
              28,
              17,
              19,
              78,
              59,
              4,
              34,
              38
            ]
          ],
          "1207923287519268875": [
            [
              75,
              82,
              44,
              24,
              73,
              16,
              55,
              1,
              31
            ],
            [
              14,
              1,
              43,
              14,
              9,
              38,
              18,
              53,
              33
            ],
            [
              37,
              58,
              60,
              57,
              15,
              78,
              70,
              68,
              28
            ]
          ]
        },
        "threadLink": "https://discord.com/channels/1275070383837675581/1285638611089358848"
      }
    }
  }
}