[
  {
    "name": "Nhà nghỉ Ánh Dương",
    "emoji": "🏨",
    "status": "full",
    "max_couples": 5,
    "return_time": 3600,
    "pregnancy_rate": 0.1,
    "hourly_rate": 200000
  },
  {
    "name": "Nhà nghỉ Bình Minh",
    "emoji": "🏩",
    "status": "closed",
    "max_couples": 10,
    "return_time": 1800,
    "pregnancy_rate": 0.2,
    "hourly_rate": 300000
  },
  {
    "name": "Nhà nghỉ Hồng Hạc",
    "emoji": "🏠",
    "status": "busy",
    "max_couples": 8,
    "return_time": 2400,
    "pregnancy_rate": 0.15,
    "hourly_rate": 250000
  },
  {
    "name": "Nhà nghỉ Thiên Đường",
    "emoji": "🏢",
    "status": "closed",
    "max_couples": 12,
    "return_time": 1200,
    "pregnancy_rate": 0.25,
    "hourly_rate": 350000
  },
  {
    "name": "Nhà nghỉ Tình Yêu",
    "emoji": "🏡",
    "status": "open",
    "max_couples": 6,
    "return_time": 3000,
    "pregnancy_rate": 0.18,
    "hourly_rate": 280000
  },
  {
    "name": "Nhà nghỉ Hoàng Gia",
    "emoji": "🏚",
    "status": "full",
    "max_couples": 4,
    "return_time": 4200,
    "pregnancy_rate": 0.05,
    "hourly_rate": 150000
  },
  {
    "name": "Nhà nghỉ Ngọc Lan",
    "emoji": "🏨",
    "status": "open",
    "max_couples": 7,
    "return_time": 3600,
    "pregnancy_rate": 0.12,
    "hourly_rate": 220000
  },
  {
    "name": "Nhà nghỉ Minh Châu",
    "emoji": "🏩",
    "status": "open",
    "max_couples": 9,
    "return_time": 2000,
    "pregnancy_rate": 0.22,
    "hourly_rate": 320000
  },
  {
    "name": "Nhà nghỉ Phương Đông",
    "emoji": "🏠",
    "status": "busy",
    "max_couples": 8,
    "return_time": 2400,
    "pregnancy_rate": 0.14,
    "hourly_rate": 260000
  },
  {
    "name": "Nhà nghỉ Hoa Hồng",
    "emoji": "🏢",
    "status": "busy",
    "max_couples": 15,
    "return_time": 1000,
    "pregnancy_rate": 0.3,
    "hourly_rate": 400000
  },
  {
    "name": "Nhà nghỉ Phương Tây",
    "emoji": "🏡",
    "status": "open",
    "max_couples": 5,
    "return_time": 3500,
    "pregnancy_rate": 0.17,
    "hourly_rate": 290000
  },
  {
    "name": "Nhà nghỉ Bạch Dương",
    "emoji": "🏚",
    "status": "open",
    "max_couples": 6,
    "return_time": 3800,
    "pregnancy_rate": 0.07,
    "hourly_rate": 160000
  },
  {
    "name": "Nhà nghỉ Nhật Minh",
    "emoji": "🏨",
    "status": "busy",
    "max_couples": 10,
    "return_time": 1700,
    "pregnancy_rate": 0.25,
    "hourly_rate": 350000
  },
  {
    "name": "Nhà nghỉ Hạ Long",
    "emoji": "🏩",
    "status": "busy",
    "max_couples": 9,
    "return_time": 2500,
    "pregnancy_rate": 0.2,
    "hourly_rate": 280000
  },
  {
    "name": "Nhà nghỉ Tây Hồ",
    "emoji": "🏠",
    "status": "busy",
    "max_couples": 14,
    "return_time": 1300,
    "pregnancy_rate": 0.35,
    "hourly_rate": 450000
  },
  {
    "name": "Nhà nghỉ Vân Anh",
    "emoji": "🏢",
    "status": "busy",
    "max_couples": 7,
    "return_time": 3100,
    "pregnancy_rate": 0.18,
    "hourly_rate": 300000
  },
  {
    "name": "Nhà nghỉ Hoa Mai",
    "emoji": "🏡",
    "status": "full",
    "max_couples": 8,
    "return_time": 3300,
    "pregnancy_rate": 0.1,
    "hourly_rate": 200000
  },
  {
    "name": "Nhà nghỉ Hoa Sen",
    "emoji": "🏚",
    "status": "open",
    "max_couples": 5,
    "return_time": 4500,
    "pregnancy_rate": 0.05,
    "hourly_rate": 180000
  },
  {
    "name": "Nhà nghỉ Thiên An",
    "emoji": "🏨",
    "status": "open",
    "max_couples": 12,
    "return_time": 1600,
    "pregnancy_rate": 0.3,
    "hourly_rate": 370000
  },
  {
    "name": "Nhà nghỉ Nhật Quang",
    "emoji": "🏩",
    "status": "full",
    "max_couples": 11,
    "return_time": 2700,
    "pregnancy_rate": 0.22,
    "hourly_rate": 290000
  },
  {
    "name": "Nhà nghỉ Tùng Dương",
    "emoji": "🏠",
    "status": "closed",
    "max_couples": 13,
    "return_time": 1500,
    "pregnancy_rate": 0.33,
    "hourly_rate": 420000
  },
  {
    "name": "Nhà nghỉ Bảo Anh",
    "emoji": "🏢",
    "status": "closed",
    "max_couples": 6,
    "return_time": 3200,
    "pregnancy_rate": 0.15,
    "hourly_rate": 240000
  },
  {
    "name": "Nhà nghỉ Minh Tâm",
    "emoji": "🏡",
    "status": "busy",
    "max_couples": 10,
    "return_time": 3500,
    "pregnancy_rate": 0.12,
    "hourly_rate": 210000
  },
  {
    "name": "Nhà nghỉ Thanh Bình",
    "emoji": "🏚",
    "status": "full",
    "max_couples": 4,
    "return_time": 4800,
    "pregnancy_rate": 0.08,
    "hourly_rate": 170000
  },
  {
    "name": "Nhà nghỉ Thiên Đường 5 ⭐",
    "emoji": "🏢",
    "status": "full",
    "max_couples": 20,
    "return_time": 600,
    "pregnancy_rate": 0.8,
    "hourly_rate": 150000000
  }
]